"ファイル名","台詞ID","場面","話者","読み上げるテキスト","元の台詞（字幕）","声の指示","注意"
"B01.mp3","B01","Scene 1：Before ― よくある1on1","田中 誠","じゃあ始めようか。評価結果が出たから、見ていこう。","じゃあ始めようか。評価結果が出たから、見ていこう。","落ち着いた中低音。やや速め（結論を急ぐ性格）。「大事だからね」は軽く流す",""
"B02_1.mp3","B02","Scene 1：Before ― よくある1on1","田中 誠","佐藤さんの自己評価がこれで","佐藤さんの自己評価がこれで…「提案構築」が4。私は3にしてる。","落ち着いた中低音。やや速め（結論を急ぐ性格）。「大事だからね」は軽く流す","2ファイルに分割（1つ目）。間の0.7秒は動画側で入れる。1ファイルで作る場合は B02.mp3 でも可"
"B02_2.mp3","B02","Scene 1：Before ― よくある1on1","田中 誠","「提案構築」が4。私は3にしてる。","（同上）","落ち着いた中低音。やや速め（結論を急ぐ性格）。「大事だからね」は軽く流す","2ファイルに分割（2つ目）。間の0.7秒は動画側で入れる。1ファイルで作る場合は B02.mp3 でも可"
"B03.mp3","B03","Scene 1：Before ― よくある1on1","佐藤 翔太","はい。","…はい。","少し若く控えめな声。やや遅め。Beforeは語尾を弱く、Afterの後半は少し明るく","先頭の「…」は動画側で0.7秒の無音を入れるので読まない"
"B04.mp3","B04","Scene 1：Before ― よくある1on1","田中 誠","「顧客理解」は、佐藤さんが2で、私は4。","「顧客理解」は、佐藤さんが2で、私は4。","落ち着いた中低音。やや速め（結論を急ぐ性格）。「大事だからね」は軽く流す",""
"B05.mp3","B05","Scene 1：Before ― よくある1on1","佐藤 翔太","はい。","はい。","少し若く控えめな声。やや遅め。Beforeは語尾を弱く、Afterの後半は少し明るく",""
"B06.mp3","B06","Scene 1：Before ― よくある1on1","田中 誠","Gapはこんな感じだね。で、これを見てどう感じた？","Gapはこんな感じだね。で、これを見てどう感じた？","落ち着いた中低音。やや速め（結論を急ぐ性格）。「大事だからね」は軽く流す","この後に3秒の沈黙が入る。語尾を上げて問いかけで終える"
"B07.mp3","B07","Scene 1：Before ― よくある1on1","佐藤 翔太","そうですね。提案のところは、もう少し頑張らないといけないなと。","…そうですね。提案のところは、もう少し頑張らないといけないなと。","少し若く控えめな声。やや遅め。Beforeは語尾を弱く、Afterの後半は少し明るく","先頭の「…」は動画側で0.7秒の無音を入れるので読まない"
"B08.mp3","B08","Scene 1：Before ― よくある1on1","田中 誠","うん。じゃあ今後、何を伸ばしていく？","うん。じゃあ今後、何を伸ばしていく？","落ち着いた中低音。やや速め（結論を急ぐ性格）。「大事だからね」は軽く流す",""
"B09.mp3","B09","Scene 1：Before ― よくある1on1","佐藤 翔太","提案力、ですかね。","…提案力、ですかね。","少し若く控えめな声。やや遅め。Beforeは語尾を弱く、Afterの後半は少し明るく","先頭の「…」は動画側で0.7秒の無音を入れるので読まない"
"B10.mp3","B10","Scene 1：Before ― よくある1on1","田中 誠","そうだね、提案力。大事だからね。頑張って。","そうだね、提案力。大事だからね。頑張って。","落ち着いた中低音。やや速め（結論を急ぐ性格）。「大事だからね」は軽く流す",""
"B11.mp3","B11","Scene 1：Before ― よくある1on1","田中 誠","他に何かある？","他に何かある？","落ち着いた中低音。やや速め（結論を急ぐ性格）。「大事だからね」は軽く流す",""
"B12.mp3","B12","Scene 1：Before ― よくある1on1","佐藤 翔太","いえ、大丈夫です。","いえ、大丈夫です。","少し若く控えめな声。やや遅め。Beforeは語尾を弱く、Afterの後半は少し明るく",""
"A01.mp3","A01","Scene 3：After ― 場面から入る1on1","田中 誠","今日は点数の答え合わせじゃなくて、次の半年で伸ばす行動を1つ決めたいんだ。30分くらいでいい？","今日は点数の答え合わせじゃなくて、次の半年で伸ばす行動を1つ決めたいんだ。30分くらいでいい？","落ち着いた中低音。やや速め（結論を急ぐ性格）。「大事だからね」は軽く流す",""
"A02.mp3","A02","Scene 3：After ― 場面から入る1on1","佐藤 翔太","はい。","はい。","少し若く控えめな声。やや遅め。Beforeは語尾を弱く、Afterの後半は少し明るく",""
"A03_1.mp3","A03","Scene 3：After ― 場面から入る1on1","田中 誠","点数はあとで見るとして","点数はあとで見るとして…この半年で、一番手応えがあった商談ってどれ？","落ち着いた中低音。やや速め（結論を急ぐ性格）。「大事だからね」は軽く流す","2ファイルに分割（1つ目）。間の0.7秒は動画側で入れる。1ファイルで作る場合は A03.mp3 でも可"
"A03_2.mp3","A03","Scene 3：After ― 場面から入る1on1","田中 誠","この半年で、一番手応えがあった商談ってどれ？","（同上）","落ち着いた中低音。やや速め（結論を急ぐ性格）。「大事だからね」は軽く流す","2ファイルに分割（2つ目）。間の0.7秒は動画側で入れる。1ファイルで作る場合は A03.mp3 でも可"
"A04_1.mp3","A04","Scene 3：After ― 場面から入る1on1","佐藤 翔太","うーん","うーん…三和精機さん、ですかね。","少し若く控えめな声。やや遅め。Beforeは語尾を弱く、Afterの後半は少し明るく","2ファイルに分割（1つ目）。間の0.7秒は動画側で入れる。1ファイルで作る場合は A04.mp3 でも可"
"A04_2.mp3","A04","Scene 3：After ― 場面から入る1on1","佐藤 翔太","三和精機さん、ですかね。","（同上）","少し若く控えめな声。やや遅め。Beforeは語尾を弱く、Afterの後半は少し明るく","2ファイルに分割（2つ目）。間の0.7秒は動画側で入れる。1ファイルで作る場合は A04.mp3 でも可"
"A05.mp3","A05","Scene 3：After ― 場面から入る1on1","田中 誠","ああ、コンプレッサー更新の。最初は相見積もりで、価格の話ばっかりだったよね。","ああ、コンプレッサー更新の。最初は相見積もりで、価格の話ばっかりだったよね。","落ち着いた中低音。やや速め（結論を急ぐ性格）。「大事だからね」は軽く流す",""
"A06.mp3","A06","Scene 3：After ― 場面から入る1on1","佐藤 翔太","そうなんです。でも2回目の訪問で、工場長に現場を見せてもらえて。夏場にラインが止まるのが一番困ってる、って分かったんです。","そうなんです。でも2回目の訪問で、工場長に現場を見せてもらえて。夏場にラインが止まるのが一番困ってる、って分かったんです。","少し若く控えめな声。やや遅め。Beforeは語尾を弱く、Afterの後半は少し明るく",""
"A07.mp3","A07","Scene 3：After ― 場面から入る1on1","田中 誠","それで、提案の軸を変えた？","それで、提案の軸を変えた？","落ち着いた中低音。やや速め（結論を急ぐ性格）。「大事だからね」は軽く流す",""
"A08.mp3","A08","Scene 3：After ― 場面から入る1on1","佐藤 翔太","はい。価格じゃなくて、停止リスクをどう減らすかの話にしました。","はい。価格じゃなくて、停止リスクをどう減らすかの話にしました。","少し若く控えめな声。やや遅め。Beforeは語尾を弱く、Afterの後半は少し明るく",""
"A09.mp3","A09","Scene 3：After ― 場面から入る1on1","田中 誠","それ、まさに「顧客理解」の期待水準そのものなんだよ。でも自己評価は2にしてたよね。","それ、まさに「顧客理解」の期待水準そのものなんだよ。でも自己評価は2にしてたよね。","落ち着いた中低音。やや速め（結論を急ぐ性格）。「大事だからね」は軽く流す",""
"A10.mp3","A10","Scene 3：After ― 場面から入る1on1","佐藤 翔太","たまたま工場長が話してくれただけなので…。","たまたま工場長が話してくれただけなので…。","少し若く控えめな声。やや遅め。Beforeは語尾を弱く、Afterの後半は少し明るく",""
"A11.mp3","A11","Scene 3：After ― 場面から入る1on1","田中 誠","たまたまじゃないと思うよ。「現場を見せてほしい」って頼んだのは佐藤さんでしょ。私が4をつけたのは、その場面があったから。","たまたまじゃないと思うよ。「現場を見せてほしい」って頼んだのは佐藤さんでしょ。私が4をつけたのは、その場面があったから。","落ち着いた中低音。やや速め（結論を急ぐ性格）。「大事だからね」は軽く流す",""
"A12.mp3","A12","Scene 3：After ― 場面から入る1on1","佐藤 翔太","そう言われると、そうかもしれないです。","…そう言われると、そうかもしれないです。","少し若く控えめな声。やや遅め。Beforeは語尾を弱く、Afterの後半は少し明るく","先頭の「…」は動画側で0.7秒の無音を入れるので読まない"
"A13.mp3","A13","Scene 3：After ― 場面から入る1on1","田中 誠","逆に「提案構築」は、佐藤さんが4で私が3。4にしたとき、どの商談を思い浮かべてた？","逆に「提案構築」は、佐藤さんが4で私が3。4にしたとき、どの商談を思い浮かべてた？","落ち着いた中低音。やや速め（結論を急ぐ性格）。「大事だからね」は軽く流す",""
"A14.mp3","A14","Scene 3：After ― 場面から入る1on1","佐藤 翔太","北陸化工さんです。提案書を自分で作って、通ったので。","北陸化工さんです。提案書を自分で作って、通ったので。","少し若く控えめな声。やや遅め。Beforeは語尾を弱く、Afterの後半は少し明るく",""
"A15.mp3","A15","Scene 3：After ― 場面から入る1on1","田中 誠","あれは良かった。私が3にしたのは、東邦樹脂さんのほう。提案書はよくできてたけど、決裁者を確認しないまま出して、結局止まったよね。","あれは良かった。私が3にしたのは、東邦樹脂さんのほう。提案書はよくできてたけど、決裁者を確認しないまま出して、結局止まったよね。","落ち着いた中低音。やや速め（結論を急ぐ性格）。「大事だからね」は軽く流す",""
"A16.mp3","A16","Scene 3：After ― 場面から入る1on1","佐藤 翔太","ああ。購買の担当者に出して終わってました。","…ああ。購買の担当者に出して終わってました。","少し若く控えめな声。やや遅め。Beforeは語尾を弱く、Afterの後半は少し明るく","先頭の「…」は動画側で0.7秒の無音を入れるので読まない"
"A17.mp3","A17","Scene 3：After ― 場面から入る1on1","田中 誠","提案書を作る力はあると思ってる。足りないのは、出す前の確認じゃないかな。どう思う？","提案書を作る力はあると思ってる。足りないのは、出す前の確認じゃないかな。どう思う？","落ち着いた中低音。やや速め（結論を急ぐ性格）。「大事だからね」は軽く流す",""
"A18.mp3","A18","Scene 3：After ― 場面から入る1on1","佐藤 翔太","確かに、そこは毎回あいまいです。","確かに、そこは毎回あいまいです。","少し若く控えめな声。やや遅め。Beforeは語尾を弱く、Afterの後半は少し明るく",""
"A19.mp3","A19","Scene 3：After ― 場面から入る1on1","田中 誠","次の半年、1つに絞るなら何がいい？","次の半年、1つに絞るなら何がいい？","落ち着いた中低音。やや速め（結論を急ぐ性格）。「大事だからね」は軽く流す",""
"A20.mp3","A20","Scene 3：After ― 場面から入る1on1","佐藤 翔太","決裁ルートの確認、やりたいです。","決裁ルートの確認、やりたいです。","少し若く控えめな声。やや遅め。Beforeは語尾を弱く、Afterの後半は少し明るく",""
"A21.mp3","A21","Scene 3：After ― 場面から入る1on1","田中 誠","いいね。具体的に、どの商談でやる？","いいね。具体的に、どの商談でやる？","落ち着いた中低音。やや速め（結論を急ぐ性格）。「大事だからね」は軽く流す",""
"A22.mp3","A22","Scene 3：After ― 場面から入る1on1","佐藤 翔太","東邦樹脂さんで、来月に再提案があるので、その前に決裁の流れを聞きます。","東邦樹脂さんで、来月に再提案があるので、その前に決裁の流れを聞きます。","少し若く控えめな声。やや遅め。Beforeは語尾を弱く、Afterの後半は少し明るく",""
"A23.mp3","A23","Scene 3：After ― 場面から入る1on1","田中 誠","いつ聞く？","いつ聞く？","落ち着いた中低音。やや速め（結論を急ぐ性格）。「大事だからね」は軽く流す",""
"A24.mp3","A24","Scene 3：After ― 場面から入る1on1","佐藤 翔太","来週の訪問で、購買の課長に聞きます。","来週の訪問で、購買の課長に聞きます。","少し若く控えめな声。やや遅め。Beforeは語尾を弱く、Afterの後半は少し明るく",""
"A25.mp3","A25","Scene 3：After ― 場面から入る1on1","田中 誠","私に手伝えることはある？","私に手伝えることはある？","落ち着いた中低音。やや速め（結論を急ぐ性格）。「大事だからね」は軽く流す",""
"A26.mp3","A26","Scene 3：After ― 場面から入る1on1","佐藤 翔太","聞き方を、一回練習させてもらえますか。","聞き方を、一回練習させてもらえますか。","少し若く控えめな声。やや遅め。Beforeは語尾を弱く、Afterの後半は少し明るく",""
"A27.mp3","A27","Scene 3：After ― 場面から入る1on1","田中 誠","じゃあ水曜の朝、10分やろう。次の1on1で、何が分かったか教えて。","じゃあ水曜の朝、10分やろう。次の1on1で、何が分かったか教えて。","落ち着いた中低音。やや速め（結論を急ぐ性格）。「大事だからね」は軽く流す",""
"A28.mp3","A28","Scene 3：After ― 場面から入る1on1","佐藤 翔太","はい。ありがとうございます。","はい。ありがとうございます。","少し若く控えめな声。やや遅め。Beforeは語尾を弱く、Afterの後半は少し明るく",""
