"ファイル名","Scene","読み上げるテキスト","画面上の文","後の間(秒)"
"S01_01.mp3","Scene01Opening","「営業」と聞いて、","「営業」と聞いて、","0.2"
"S01_02.mp3","Scene01Opening","皆さんはどんな仕事を想像するでしょうか。","皆さんはどんな仕事を想像するでしょうか。","0.7"
"S01_03.mp3","Scene01Opening","商品を紹介する。","商品を紹介する。","0.3"
"S01_04.mp3","Scene01Opening","価格を伝える。","価格を伝える。","0.5"
"S01_05.mp3","Scene01Opening","もちろん、それも営業の仕事です。","もちろん、それも営業の仕事です。","0.6"
"S01_06.mp3","Scene01Opening","でも、オプテックス・エフエーの営業は、","でも、オプテックス・エフエーの営業は、","0.2"
"S01_07.mp3","Scene01Opening","それだけではありません。","それだけではありません。","0.4"
"S02_01.mp3","Scene02WhatIsSales","お客様の話を聞き、","お客様の話を聞き、","0.4"
"S02_02.mp3","Scene02WhatIsSales","現場で何が起きているのかを整理し、","現場で何が起きているのかを整理し、","0.4"
"S02_03.mp3","Scene02WhatIsSales","本当の課題を考え、","本当の課題を考え、","0.4"
"S02_04.mp3","Scene02WhatIsSales","最適な解決策を提案する。","最適な解決策を提案する。","0.8"
"S02_05.mp3","Scene02WhatIsSales","これが今回体験してもらう、","これが今回体験してもらう、","0.1"
"S02_06.mp3","Scene02WhatIsSales","コンサルティング営業です。","コンサルティング営業です。","0.5"
"S03_01.mp3","Scene03Mission","今回のお客様は、飲料工場です。","今回のお客様は、飲料工場です。","0.8"
"S03_02.mp3","Scene03Mission","コンベア上を、中身の入ったペットボトルが次々と流れています。","コンベア上を、中身の入ったペットボトルが次々と流れています。","0.6"
"S03_03.mp3","Scene03Mission","工場では光電センサを使って、ペットボトルの本数をカウントしています。","工場では光電センサを使って、ペットボトルの本数をカウントしています。","0.8"
"S03_04.mp3","Scene03Mission","ところが最近、","ところが最近、","0.5"
"S03_05.mp3","Scene03Mission","センサが時々誤動作し、","センサが時々誤動作し、","0.3"
"S03_06.mp3","Scene03Mission","実際よりも多くカウントしてしまう","実際よりも多くカウントしてしまう","0.1"
"S03_07.mp3","Scene03Mission","という問題が起きています。","という問題が起きています。","0.4"
"S04_01.mp3","Scene04Question","では、皆さんなら、","では、皆さんなら、","0.2"
"S04_02.mp3","Scene04Question","最初に何を確認しますか？","最初に何を確認しますか？","2.5"
"S04_03.mp3","Scene04Question","センサの種類でしょうか。","センサの種類でしょうか。","0.4"
"S04_04.mp3","Scene04Question","ペットボトルの形でしょうか。","ペットボトルの形でしょうか。","0.4"
"S04_05.mp3","Scene04Question","設置位置でしょうか。","設置位置でしょうか。","0.9"
"S04_06.mp3","Scene04Question","実は、","実は、","0.4"
"S04_07.mp3","Scene04Question","ここからが営業の仕事です。","ここからが営業の仕事です。","0.4"
"S05_01.mp3","Scene05CustomerGoal","大切なのは、","大切なのは、","0.4"
"S05_02.mp3","Scene05CustomerGoal","いきなり「このセンサを使いましょう」","いきなり「このセンサを使いましょう」","0.1"
"S05_03.mp3","Scene05CustomerGoal","と提案することではありません。","と提案することではありません。","0.7"
"S05_04.mp3","Scene05CustomerGoal","まず確認するのは、","まず確認するのは、","0.4"
"S05_05.mp3","Scene05CustomerGoal","「お客様は本当は、何を実現したいのか」","「お客様は本当は、何を実現したいのか」","0.2"
"S05_06.mp3","Scene05CustomerGoal","ということです。","ということです。","0.4"
"S06_01.mp3","Scene06Impact","さらに重要なのは、","さらに重要なのは、","0.4"
"S06_02.mp3","Scene06Impact","その問題を放っておくと、何が起きるのか。","その問題を放っておくと、何が起きるのか。","0.8"
"S06_03.mp3","Scene06Impact","カウントがずれる。","カウントがずれる。","0.4"
"S06_04.mp3","Scene06Impact","数量確認が必要になる。","数量確認が必要になる。","0.4"
"S06_05.mp3","Scene06Impact","人が確認する。","人が確認する。","0.3"
"S06_06.mp3","Scene06Impact","作業時間が増える。","作業時間が増える。","0.9"
"S06_07.mp3","Scene06Impact","センサの問題に見えていたものが、","センサの問題に見えていたものが、","0.5"
"S06_08.mp3","Scene06Impact","実は、生産性や作業負担の問題につながっているかもしれません。","実は、生産性や作業負担の問題につながっているかもしれません。","0.4"
"S07_01.mp3","Scene07YourMission","皆さんにお願いするのは、","皆さんにお願いするのは、","0.2"
"S07_02.mp3","Scene07YourMission","センサを当てることではありません。","センサを当てることではありません。","0.7"
"S07_03.mp3","Scene07YourMission","お客様に質問し、","お客様に質問し、","0.4"
"S07_04.mp3","Scene07YourMission","情報を集め、","情報を集め、","0.4"
"S07_05.mp3","Scene07YourMission","本当の課題を考え、","本当の課題を考え、","0.4"
"S07_06.mp3","Scene07YourMission","解決策を提案してください。","解決策を提案してください。","1"
"S07_07.mp3","Scene07YourMission","最初のじゅっぷんは、お客様へのヒアリングです。","最初の10分は、お客様へのヒアリングです。","0.4"
"S08_01.mp3","Scene08SensorOptions","オプテックス・エフエーには、","オプテックス・エフエーには、","0.1"
"S08_02.mp3","Scene08SensorOptions","さまざまな検出方式のセンサがあります。","さまざまな検出方式のセンサがあります。","0.6"
"S08_03.mp3","Scene08SensorOptions","しかし、","しかし、","0.3"
"S08_04.mp3","Scene08SensorOptions","どれが高性能か、ではありません。","どれが高性能か、ではありません。","0.6"
"S08_05.mp3","Scene08SensorOptions","今回のお客様には、","今回のお客様には、","0.1"
"S08_06.mp3","Scene08SensorOptions","どれが最適なのか。","どれが最適なのか。","0.6"
"S08_07.mp3","Scene08SensorOptions","それを考えるのが営業です。","それを考えるのが営業です。","0.4"
"S09_01.mp3","Scene09Ending","それでは、","それでは、","0.3"
"S09_02.mp3","Scene09Ending","オプテックス・エフエーの営業になったつもりで、","オプテックス・エフエーの営業になったつもりで、","0.3"
"S09_03.mp3","Scene09Ending","お客様の課題を解決してみましょう。","お客様の課題を解決してみましょう。","0"
