"ファイル名","場面","読み上げるテキスト","仮の秒数"
"S1_1.mp3","タイトル","光電センサの3つの検出方式を、2分で学びましょう。","4.0"
"S2_1.mp3","光電センサとは？","光電センサは、光を出し、その光の変化でモノの有無を見分けるセンサです。","5.4"
"S2_2.mp3","光電センサとは？","光を出す側を「投光器」、受ける側を「受光器」と呼びます。","3.8"
"S2_3.mp3","光電センサとは？","光の当て方の違いで、大きく3つの方式に分かれます。","4.0"
"S3_1.mp3","透過型","1つめは「透過型」。投光器と受光器が、別々の筐体です。","3.8"
"S3_2.mp3","透過型","向かい合わせに置き、モノが光を遮ったら「ある」と判断します。","4.5"
"S3_3.mp3","透過型","色や形に左右されにくく、長い距離でも安定して検出できます。","4.6"
"S3_4.mp3","透過型","その代わり、両側に設置と配線が必要です。","3.2"
"S4_1.mp3","回帰反射型","2つめは「回帰反射型」。投光と受光が1つの筐体に入っています。","4.6"
"S4_2.mp3","回帰反射型","反射板で折り返した光が、遮られたら検出します。","3.7"
"S4_3.mp3","回帰反射型","配線は片側だけ。透過型に近い安定性で、設置がラクです。","4.1"
"S4_4.mp3","回帰反射型","鏡のように光るモノは光を返してしまうため、偏光フィルタ付きで対策します。","5.7"
"S5_1.mp3","回帰反射型（透明体専用）","回帰反射型には「透明体専用」タイプもあります。","3.5"
"S5_2.mp3","回帰反射型（透明体専用）","ペットボトルやガラスは光をほとんど通すため、普通のセンサでは見逃しがちです。","6.1"
"S5_3.mp3","回帰反射型（透明体専用）","透明体専用は、光がわずかに減る変化をとらえて検出します。","4.5"
"S6_1.mp3","反射型","3つめは「反射型」。モノに当たって返ってきた光で検出します。","4.5"
"S6_2.mp3","反射型","反射板が要らず、センサ1台で済むのが強みです。","3.7"
"S6_3.mp3","反射型","ただ、黒いモノは光が返りにくいなど、色や形で検出が不安定になることがあります。","6.1"
"S7_1.mp3","反射型（距離設定型＝BGS）","そこで生まれたのが「距離設定型（BGS）」。反射型の一種です。","4.3"
"S7_2.mp3","反射型（距離設定型＝BGS）","普通の反射型は、返ってきた光の「量」の増減で判断します。","4.1"
"S7_3.mp3","反射型（距離設定型＝BGS）","BGSは三角測距で、光が受光素子の「どの位置」に戻ったかから距離を判別します。","5.9"
"S7_4.mp3","反射型（距離設定型＝BGS）","設定距離より手前だけを検出するので、黒いモノや背景に強くなります。","5.3"
"S8_1.mp3","まとめ：どれを選ぶ？","まとめです。確実さなら透過型、配線をラクにするなら回帰反射型。","4.8"
"S8_2.mp3","まとめ：どれを選ぶ？","透明なモノは透明体専用、色や背景が気になるなら距離設定型。","4.6"
"S8_3.mp3","まとめ：どれを選ぶ？","「何を・どこで・どう検出したいか」から、方式を選びましょう。","4.1"
