"素材ID","フェーズ","使う場面（選択肢）","種類","映像内容","カメラ","動き","製品画像","不足素材","状態"
"p1-situation","Phase1 現状確認","p1-situation / p1-q1（背景）","factory/miscount","飲料工場 LINE 03。透明PETボトルがコンベアを流れ、光電センサでカウント。右上の表示で「実際の本数」より「センサのカウント」が1多くなる。","ライン正面（カメラA：手前から水平）。ゆっくり右へパン。","ボトルが等間隔で流れる → 1本が通過した瞬間にカウントが2増え、差が赤く点滅。","","実写：飲料工場のPETボトルライン（正面）／実写：お客様（設備担当）の相談カット","実装済み・実写素材待ち"
"p1-q1-a","Phase1 現状確認","p1-q1-A","sensor/existing","既設センサにカメラが寄る。本体の外観、取付金具、反射板への向き、型式ラベル（読み取れない）。メーカーロゴは表示しない。","一人称で近づく（カメラA→センサ寄り）。ラベルでいったん止まる。","ズームイン → 型式ラベルにフォーカス枠 → 「型式：確認中」。","","実写：既設センサの外観（メーカー・型式が特定できない撮り方、または教育用の架空設定であることを明示）","実装済み・実写素材待ち"
"p1-q1-b","Phase1 現状確認","p1-q1-B","factory/disturbed","通常運転のコンベア → ボトルの流れが乱れる（間隔が詰まり、位置がずれる）→ その場面でカウント表示が実際より増える。","ライン正面。乱れる区間はスローモーション。","前半：正常にカウント → 後半：ボトルが寄り、揺れる → カウント+1の差が出る。","","実写：ボトルの流れが乱れる様子（スロー撮影）","実装済み・実写素材待ち"
"p1-q1-c","Phase1 現状確認","p1-q1-C","customer/thinking","お客様が腕を組んで考え込む。背景にライン。","営業担当の一人称。お客様を正面からバストショット。","わずかに視線を落とす → 返答。","","実写：お客様役（30〜40代・設備担当）の考え込むカット","仮素材使用中・実写素材待ち"
"p2-situation","Phase2 原因の深掘り","p2-situation / p2-q2（背景）","factory/wobble","ボトルが寄り合い、揺れながら流れる様子をスローモーションで。センサ付近の乱れに注目させる。","センサ付近をローアングルで寄る。スロー（約0.4倍）。","ボトルが詰まって揺れる → センサの位置にマーカー。","","実写：センサ付近のボトルの揺れ（スロー）","実装済み・実写素材待ち"
"p2-q2-a","Phase2 原因の深掘り","p2-q2-A","bottle/closeup-lightpath","透明PETボトルの接写（曲面・凹凸・透明部分）→ 真上から見たライン：片側にセンサ、反対側に反射板。光の経路をCGで表示。","ボトル接写 → 俯瞰（カメラB：真上）に切り替え。","ボトルの輪郭を線でなぞる → 俯瞰でセンサ→反射板→センサの光路が往復 → ボトルが光路を横切る。","","実写：透明PETボトルのマクロ撮影／実写：センサと反射板の設置状況","実装済み・実写素材待ち"
"p2-q2-b","Phase2 原因の深掘り","p2-q2-B","factory/overview-speed","生産ライン全体を俯瞰し、ライン速度の表示と生産計画の進み具合を示す。","高い位置から全景（カメラC：俯瞰）。","速度メーターが一定を保つ → 生産計画のバーが進む。","","実写：工場の全景（俯瞰）","実装済み・実写素材待ち"
"p2-q2-c","Phase2 原因の深掘り","p2-q2-C","document/maintenance-log","設備の点検履歴（導入日・点検日・内容）を確認する。故障の記録はない。","書類（タブレット）を一人称で覗き込む。","行が順に表示 → 導入日にマーカー。","","","実装済み"
"p2-light","Phase2 原因の深掘り","p2-light","tech/transparent-light","回帰反射型の原理（俯瞰）→ 透明ボトル通過時の受光量グラフ。不透明なモノは大きく減り、透明なボトルはわずかに減り、曲面で上下する。基準線付近を行き来すると出力が複数回切り替わる。","CG。俯瞰図と波形を左右に並べる。","光路の往復 → 不透明体の受光量 → 透明体の受光量 → 基準線付近の上下でON/OFFが2回 → 「条件しだい」の注記。","","","実装済み"
"p2-isolation","Phase2 原因の深掘り","p2-isolation","tech/isolation","センサ → 配線 → PLC（カウント処理）のつながりを示し、数が増えうる場所を3つ挙げる。","CG。左から右への信号の流れ。","信号パルスが流れる → 3か所に「？」 → 「切り分け」の文字。","","","実装済み"
"p3-backdrop","Phase3 真因・顧客課題の特定","p3-q3（背景）","factory/overview","ラインが通常どおり動いている全景。問いの背景に使う。","ライン正面（カメラA）・やや引き。","ボトルが流れるだけの静かなカット。","","実写：ライン全景（静かなカット）","実装済み・実写素材待ち"
"p3-q3-a","Phase3 真因・顧客課題の特定","p3-q3-A","document/production-log","生産記録・カウント履歴。誤カウントの発生日に印（教育用の架空データ）。","タブレットの画面を一人称で。","曜日ごとの記録が並び、発生日に赤い印。","","","実装済み"
"p3-q3-b","Phase3 真因・顧客課題の特定","p3-q3-B","factory/stopped-recount","ラインが停止し、作業者がボトルを数え直す。現場担当者が対応に追われる。","ライン正面 → 作業者の手元。","停止ランプ点灯 → ボトルが止まる → 作業者が1本ずつ数える（カウント表示）。","","実写：作業者が数量を確認するカット","実装済み・実写素材待ち"
"p3-q3-c","Phase3 真因・顧客課題の特定","p3-q3-C","document/budget","お客様が設備予算の資料を開く（金額は表示しない）。","資料を一人称で。","資料が開く → お客様がページを閉じる。","","","実装済み"
"p3-chain","Phase3 真因・顧客課題の特定","p3-chain","tech/chain","誤カウント → 数量不一致 → 確認作業 → 作業負担 → 生産効率への影響。最後に「正確な数量管理と安定した生産」。","CG。上から下へ連鎖。","矢印でつながる順次表示 → 最後の2段を赤で強調。","","","実装済み"
"p4-situation","Phase4 解決提案","p4-situation / p4-q4（背景）","customer/request","お客様がまっすぐこちらを見て要望を伝える。背景にライン。","営業の一人称。正面バストショット。","わずかに身を乗り出す。","","実写：お客様役の要望カット","仮素材使用中・実写素材待ち"
"p4-q4-a","Phase4 解決提案","p4-q4-A","document/catalog-generic","一般的な製品紹介（「高性能」「高速応答」などの言葉が並ぶ）。メーカー名・型式は表示しない。","カタログを一人称で。","特長の項目が並ぶ → お客様の問いかけ。","","","実装済み"
"p4-q4-b","Phase4 解決提案","p4-q4-B","product/proposal","OPTEX-FA の透明体検出センサ（公式製品画像）が登場 → 透明PETボトルの特徴 → 検出の考え方を簡単なCGで。","製品画像を大きく → 横にボトルと光路の図。","製品がスライドイン → ボトルを通過した光のわずかな変化をとらえる図。","experience/products/optex-fa/transparent-sensor.png","OPTEX-FA 公式製品画像（現行の透明体検出センサ。型式確定後・許諾後）","実装済み・許諾確認待ち"
"p4-q4-c","Phase4 解決提案","p4-q4-C","factory/manual-check","作業者がラインの横で目視で数を確認し続ける。","ライン正面・作業者を手前に。","作業者の視線がボトルを追う → 手元のカウンタを押す。","","実写：目視確認のカット","実装済み・実写素材待ち"
"p4-product","Phase4 解決提案","p4-product","product/intro","OPTEX-FA 透明体検出センサの紹介：外観（公式画像）、用途（PETボトル等の透明体）、検出の考え方、期待できる改善、検証が必要な条件。","左に製品、右に説明。","製品 → 用途 → 原理 → 期待できること → 検証が必要な条件 の順に表示。","experience/products/optex-fa/transparent-sensor.png","OPTEX-FA 公式製品画像と型式（現行品の確認・許諾）","実装済み・許諾確認待ち"
"p5-bench","Phase5 実機デモ・検証","p5-s1-q（背景） / p5-s3-q（背景） / p5-s4-q（背景）","demo/bench","実機デモの検証台：小型コンベア、センサ、反射板、透明PETボトル、検出表示、カウンター。","検証台の全景（正面）。","静かなカット。各部の名前を表示。","","実写：実機デモ検証台の全景","実装済み・実写素材待ち"
"p5-s1-a","Phase5 実機デモ・検証","p5-s1-q-A","customer/uneasy","お客様が不安そうに首をかしげる。","営業の一人称。正面バストショット。","首をかしげる → 返答。","","実写：お客様役の不安そうなカット","仮素材使用中・実写素材待ち"
"p5-s1-b","Phase5 実機デモ・検証","p5-s1-q-B","customer/bottles","お客様が実際の製品ボトルを持ってくる。","営業の一人称。お客様がボトルを差し出す。","ボトルを机に置く → 返答。","","実写：お客様役がボトルを用意するカット","仮素材使用中・実写素材待ち"
"p5-s1-c","Phase5 実機デモ・検証","p5-s1-q-C","document/price","価格表を開こうとする（金額は表示しない）。","資料を一人称で。","価格表 → お客様の手が止める。","","","実装済み"
"p5-plan","Phase5 実機デモ・検証","p5-s1-plan","document/test-plan","検証項目と合格基準（試す前に決める）：①1本ずつ検出 ②出力が何度も切り替わらない ③カウント値＝実際の本数 ④位置ずれ等でも①〜③を満たす。","ホワイトボードを正面から。","項目が順に書き込まれる。","","","実装済み"
"p5-demo-normal","Phase5 実機デモ・検証","p5-s2-demo","demo/normal","シミュレーション：通常条件でボトルが1本通るたびに検出表示がONになり、カウントが1増える様子（理想的な動作の説明）。","実機全景 → センサ → ボトル通過 → 検出表示 → カウンターの順に寄る。","通過本数・ON回数・カウント値を並べて表示。「シミュレーション」の表示を常時。","","実写：実機デモ（センサ正面・側面・反射板・ボトル・配線・検出表示・カウンター・全体）","実装済み・実写素材待ち"
"p5-demo-offset","Phase5 実機デモ・検証","p5-s3-offset","demo/offset","シミュレーション：ボトルの位置がコンベアの手前・奥にずれて流れる。観察ポイントを示し、結果は実機で測る。","俯瞰（カメラB）で位置ずれを見せる。","ボトルが左右にずれて通過 → 観察ポイント → 「結果：実機で測定」。","","実写：位置ずれ条件での実機テスト","実装済み・実写素材待ち"
"p5-demo-gap","Phase5 実機デモ・検証","p5-s3-gap","demo/gap","シミュレーション：ボトルどうしの間隔が詰まって流れる。結果は実機で測る。","ライン正面（カメラA）。","間隔が詰まって通過 → 観察ポイント → 「結果：実機で測定」。","","実写：間隔が詰まる条件での実機テスト","実装済み・実写素材待ち"
"p5-demo-orientation","Phase5 実機デモ・検証","p5-s3-orientation","demo/orientation","シミュレーション：ボトルの向き（凹凸の位置）が変わって流れる。結果は実機で測る。","ライン正面（カメラA）。","向きの違うボトルが通過 → 観察ポイント → 「結果：実機で測定」。","","実写：向きを変えた条件での実機テスト","実装済み・実写素材待ち"
"p5-s3-a","Phase5 実機デモ・検証","p5-s3-q-A","customer/worried","お客様が「流れが乱れたとき」を思い浮かべて心配する（吹き出しに乱れたライン）。","営業の一人称。","吹き出しにボトルの乱れ → 返答。","","実写：お客様役の心配するカット","仮素材使用中・実写素材待ち"
"p5-s3-b","Phase5 実機デモ・検証","p5-s3-q-B","demo/setup-conditions","悪条件（位置ずれ・間隔・向き）の再現を準備する。","検証台の正面。","3つの条件カードが並ぶ → チェック欄。","","実写：悪条件を準備するカット","実装済み・実写素材待ち"
"p5-s3-c","Phase5 実機デモ・検証","p5-s3-q-C","document/catalog-spec","カタログの仕様表（項目名のみ、数値は伏せる）。","資料を一人称で。","仕様表 → お客様の返答。","","","実装済み"
"p5-s4-a","Phase5 実機デモ・検証","p5-s4-q-A","customer/cool","お客様の反応が薄い。","営業の一人称。","目線をそらす → 返答。","","実写：お客様役の反応が薄いカット","仮素材使用中・実写素材待ち"
"p5-s4-b","Phase5 実機デモ・検証","p5-s4-q-B","document/quote","見積書（金額は表示しない）をお客様が受け取りかねる。","資料を一人称で。","見積書 → お客様の返答。","","","実装済み"
"p5-s4-c","Phase5 実機デモ・検証","p5-s4-q-C","customer/together","お客様が前向きにうなずき、設備担当者と一緒に確認することを提案する。","営業の一人称。お客様の横に設備担当者。","うなずく → 設備担当者が加わる。","","実写：お客様役と設備担当者役の前向きなカット","仮素材使用中・実写素材待ち"
"p5-followup","Phase5 実機デモ・検証","p5-followup","tech/followup","結果が基準に届かなかったときの次の手：設置位置・角度、感度設定、PLC側の処理、別の検出方式。","CG。","4つの選択肢カードが順に表示。","","","実装済み"
"p5-message","Phase5 実機デモ・検証","p5-message","tech/message","「実機デモは売り込みではない。お客様と一緒に確かめる活動」というメッセージ。","CG（黒背景）。","「売り込み」に取り消し線 → 「一緒に確かめる」を赤で。","","","実装済み"
"r-applications","振り返り","r-q4","applications/montage","さまざまな製造現場（食品・容器・包装・設備の位置確認）をテンポよく見せる。","現場ごとに短いカット（各約3秒）。","カットごとに検出の光と「検出」のラベル。","","実写：食品・容器・包装・組立など複数の製造現場","実装済み・実写素材待ち"
"ending","振り返り","ending","ending/main","「売るだけでは、終わらない。」→ 聞く。考える。提案する。そして、確かめる。→ 「お客様と一緒に、課題解決を実現する。」→ OPTEX-FA CONSULTING SALES EXPERIENCE。","黒背景のタイポグラフィ。","1語ずつテンポよく表示 → ロゴ。","","実写：製造現場・実製品・実機デモ・お客様との対話（エンディング用の短いカット）","実装済み・実写素材待ち"
